Id,Name,Date
1,Dima,02/03/0001
2,Dima,02/03/0002
3,Dima,02/03/0003
4,Dima,02/03/0004
5,Dima,02/03/0005
6,Dima,02/03/0006
7,Dima,02/03/0007
8,Dima,02/03/0008
9,Dima,02/03/0009
10,Dima,02/03/0010
11,Dima,02/03/0011
12,Dima,02/03/0012
13,Dima,02/03/0013
14,Dima,02/03/0014
15,Dima,02/03/0015
16,Dima,02/03/0016
17,Dima,02/03/0017
18,Dima,02/03/0018
19,Dima,02/03/0019
20,Dima,02/03/0020
21,Dima,02/03/0021
22,Dima,02/03/0022
23,Dima,02/03/0023
24,Dima,02/03/0024
25,Dima,02/03/0025
26,Dima,02/03/0026
27,July,07/30/1222
28,233333333333333333333333,02/02/0002
29,Kelly,07/31/1922
30,Nick,07/29/1992
31,Lance,08/03/2000
32,Vern,08/06/1990
33,John,07/01/2000
34,Jackiy,02/02/0002
35,Виталий,02/01/0034
36,Leon,07/31/0080
